t_ini_s,t_fin_s,dur_s
1755600780.0098708,1755600785.7614982,5.751627445220947
